software.sava.core.accounts.meta.AccountMetaFeePayer,equals,33,RemoveConditionalMutator_EQUAL_IF,SURVIVED
software.sava.core.accounts.meta.AccountMetaInvoked,equals,27,RemoveConditionalMutator_EQUAL_IF,SURVIVED
software.sava.core.accounts.meta.AccountMetaInvoked,hashCode,35,MathMutator,SURVIVED
software.sava.core.accounts.meta.AccountMetaInvoked,merge,19,RemoveConditionalMutator_EQUAL_ELSE,SURVIVED
software.sava.core.accounts.meta.AccountMetaInvokedAndWrite,equals,28,RemoveConditionalMutator_EQUAL_IF,SURVIVED
software.sava.core.accounts.meta.AccountMetaInvokedAndWrite,hashCode,35,MathMutator,SURVIVED
software.sava.core.accounts.meta.AccountMetaInvokedAndWrite,hashCode,36,MathMutator,SURVIVED
software.sava.core.accounts.meta.AccountMetaReadOnly,equals,54,RemoveConditionalMutator_EQUAL_IF,SURVIVED
software.sava.core.accounts.meta.AccountMetaReadOnlySigner,equals,28,RemoveConditionalMutator_EQUAL_IF,SURVIVED
software.sava.core.accounts.meta.AccountMetaReadOnlySigner,hashCode,34,MathMutator,SURVIVED
software.sava.core.accounts.meta.AccountMetaReadOnlySigner,merge,18,RemoveConditionalMutator_EQUAL_ELSE,SURVIVED
software.sava.core.accounts.meta.AccountMetaReadOnlySigner,merge,22,RemoveConditionalMutator_EQUAL_ELSE,SURVIVED
software.sava.core.accounts.meta.AccountMetaSignerWriter,equals,28,RemoveConditionalMutator_EQUAL_IF,SURVIVED
software.sava.core.accounts.meta.AccountMetaWrite,equals,37,RemoveConditionalMutator_EQUAL_IF,SURVIVED
software.sava.core.accounts.meta.AccountMetaWrite,hashCode,44,MathMutator,SURVIVED
software.sava.core.accounts.meta.AccountMetaWrite,merge,18,RemoveConditionalMutator_EQUAL_ELSE,SURVIVED
software.sava.core.accounts.meta.AccountMetaWrite,merge,26,RemoveConditionalMutator_EQUAL_ELSE,SURVIVED
software.sava.core.accounts.meta.AccountMetaWrite,merge,29,RemoveConditionalMutator_EQUAL_ELSE,SURVIVED
